Following[new],date,LastUpdated: 18/06/2020
sandrinedrl,18/06/2020
luigipedico,18/06/2020
mary_cherry_m,18/06/2020
vasilisa.kiseleva.7575,18/06/2020
_juus_taaa_,18/06/2020
dibabayaan,17/06/2020
khorxyuen,16/06/2020
big_ed_mayoman,16/06/2020
kaninoz.oraha,16/06/2020
banlieu_ville,16/06/2020
noemiehe2207,16/06/2020
tlzxax,16/06/2020
minbaotao,18/06/2020
imbamb_cml,18/06/2020
hye_888,18/06/2020
mundareste,18/06/2020
shiro_kuro_oneesan,18/06/2020
ru.sunmi,18/06/2020
seon_leeart,18/06/2020
leftlost,18/06/2020
brokedmood,18/06/2020
ashotofmemes,18/06/2020
alejandrarojasc,18/06/2020
23.11_,18/06/2020
chengxiao_0715,18/06/2020
zhangxincheng_official,18/06/2020
aka.ava0,18/06/2020
rigsofrestoration,18/06/2020
joycharisepuente,18/06/2020
ebelinasdogpuppers,18/06/2020
leesawjordan,18/06/2020
zahraa_ra_,18/06/2020
highsky_veiws,18/06/2020
_kim_seokjin_wwh,18/06/2020
zx.abigail,18/06/2020
pink_guygen2,18/06/2020
thiccbeachh,18/06/2020
dakota.is.trash,18/06/2020
4yden_7amsey,18/06/2020
jimmy_neville1,18/06/2020
l_u_l_._f_u_c_c_i_n_._b_a_b_y_,18/06/2020
rubytemples13,18/06/2020
x_x.loserx_x,18/06/2020
elcantspel,18/06/2020
asef.khan.77985,18/06/2020
flamingouwglyscptato,18/06/2020
izzybanning,18/06/2020
kelly.brown05,18/06/2020
noahnight530,18/06/2020
reneeroger142,18/06/2020
im.that.one.redneck14,18/06/2020
mcbibbles,18/06/2020
kyliecstrawn,18/06/2020
wang.yibouniq,18/06/2020
your_not_funny123,18/06/2020
kendog_racing_,18/06/2020
wangyibo_vnfans,18/06/2020
was.sgoodie,18/06/2020
1.800.agustd_2,18/06/2020
crystal_marie_harmon,18/06/2020
__sammy.edits__,18/06/2020
_zabo1otskaya,18/06/2020
_mine.4ever,18/06/2020
mood.posts2020,18/06/2020
be_the_poem_1,18/06/2020
jieuniecandy,18/06/2020
babygurl5099,18/06/2020
rose_onika,18/06/2020
kindred.is.bby,18/06/2020
zhangxincheng______0824,18/06/2020
jujin.gyi0618,18/06/2020
skopidoo2,18/06/2020
yibo.w.85_,18/06/2020
yibo_taiwan_,18/06/2020
wangyibo._,18/06/2020
wangyibopage_0805,18/06/2020
vnb_tc9791,18/06/2020
shexingbaba,18/06/2020
zhangxincheng.824,18/06/2020
huzi_juin,18/06/2020
himnha_,18/06/2020
tracyromulus,18/06/2020
violetgrey,18/06/2020
kyliejenner,18/06/2020
suryxinn,18/06/2020
a.l.e.x.a.n.d.r.u.13,18/06/2020
turk1234565060,18/06/2020
miss_shein_,18/06/2020
instagram,18/06/2020
eun.__.v,18/06/2020
princess._.je,18/06/2020
hooward_steven,18/06/2020
ddangdin,18/06/2020
j.bro______,18/06/2020
yibo.w_mtjj85,18/06/2020
that_chinese_girl,18/06/2020
suryxintagram,18/06/2020
badgalriri,18/06/2020
asiandaenseu,18/06/2020
lidiahho,18/06/2020
roro_03zk,18/06/2020
wuqianfanpage4ever,18/06/2020
kimkardashian,18/06/2020
