"Following, Followers"
a.afshin.k.k
unaaaa10
abdolkarim292
andiniyuni707
jisooshi.fanpage
be_positive37
ahmedsamer400abc
widislsa
ba7044003
soft_bottom_boi_baku
marin_agato
squadsevene
mariaalejandramurilloo
mjdlmtyry894
david._.casta
sooo_chu_lover_
prida1940
sedang3910
x_xx300
rangkayana23
lojealu
ujanggcool
_demon_66666_
mhmdfarhan83
s_____eraj2020
_vanilyalifistik_
kareemjan320gmail.com9
mia.amerie
wrt_150
free_firexd123
juann2045
bunga_khirania
oppihopipah
yosopkord
najibbarahy
mayang1741
girls_baddies0
selam_2403
nurassyifa09
stm6999
lfrtwsy8611
tm5566234
foto.s7312
andrianiadelia19
12345contadestruida
acil_amunisi
alya1_45
mr.adenguntur1103
lbdly2845
geert_wilders.pvv
mast_malang007
mochrrizkidwiyana
misun_shi
queen__jisoo__kim
naswervoyoungblood
jannet_scroses
asa_5456
leriizma123
aleksandrsidorov832
dylanhuff7
mayang7472
yk.baloch.963
gg_335225b
af.alfariz
kinganey14
miss.naroyiii
shaeb.2570
lhjywsflfrtwsy
isel.anggi
carlosalejandromarte
doniyortoirofficial
vt_y11
bayanuroktaviani
alisher.8723
karolgildominguez
javlonbek.ruzmetov
vmugica02
younis.emad.568
eii.maa.393
teh_biru_bunga_telang
honoriosalinasdominguez
tw1st_3d
anatfedorovich
yenifarida.yeni.94
gorgij_1143
okkkkk918
ein_ell_ix
abbyharrison1952
francis65119
xx_.ace_.xx
the_japanese_weebu
ax_3ls
mikail.carzorla
starry_waffles
chouhan.murtaza
sins_card_service
lzbydy9573
sameergorgij
jaseh_wrld_17_999
do.ng9294
nyazlyklatsnd
yyzzziiiii
andrealovesgelatogmail.com7
sinnamon_daeditor
aldyyusuf607
ho.uda626
hosainesmaily4
sinnamon_chan
zywn438
nimcuushcadaw
0anime_vibes0
kadyn_dancelover
solihboy1
myny37985
muniiraapda
lnsry3866
muhammadsharif104
alghazali7
vindiesel
xxxibgdrgn
obj
virgilabloh
pocho22lavezzi
leomessi
lanadelrey
jay
deepikapadukone
tammyhembrow
miseleccionmx
juulianapaiva
anwar
nusr_et
andreschiebler
prattprattpratt
mosalah
markwahlberg
thailaayala
louteasdale
zendaya
kingjames
marns
topshop
sofiavergara
agnezmo
jordialbaoficial
khloekardashian
ivanmartinez
selenagomez
shireensungkar
lauraprepon
mango
swaelee
abdevilliers17
hannahstocking
cristiano
mileycyrus
jlo
lionelferro
urvashirautela
beyonce
nickiminaj
jeremyrenner
maudyayunda
patrice.evra
letthelordbewithyou
juanpazurita
cuadrado
kourtneykardash
greggsulkin
tyga
laflare1017
riteishd
shaymitchell
chancetherapper
gal_gadot
arianagrande
nfl
ianmharding
demirose
netaporter
antogriezmann
jesseyjoy
chloegmoretz
lucasranngel
jimenasanchezmx
instagram
