Followers[new],date,LastUpdated: 25/06/2020
banlieu_ville,25/06/2020
luminous_lovelana,25/06/2020
leesawjordan,25/06/2020
leshchinskii839,25/06/2020
bayn1904,25/06/2020
joycharisepuente,25/06/2020
rabindraparhiya,25/06/2020
vahed07680,25/06/2020
nafmanager,25/06/2020
jagatpal43,25/06/2020
1397syn,25/06/2020
depresed_loser430,25/06/2020
ofc_marty3x,25/06/2020
intthink,25/06/2020
savagenotaverage.7565,25/06/2020
merdasgame,25/06/2020
_nima3345,25/06/2020
sm_lshwysh,25/06/2020
abhishekkumarmisra711,25/06/2020
devkumar6139,25/06/2020
mehemmed_36_36,25/06/2020
dhbsvhqn,25/06/2020
alwayslogann,25/06/2020
_andre_cole_,25/06/2020
dlnd63,25/06/2020
skys_single_forever,25/06/2020
thiccbeachh,25/06/2020
mcglothin72727,25/06/2020
lil_savage_boy2000,25/06/2020
jeffersonsoares804,25/06/2020
2039.sunny,25/06/2020
abdolraz3,25/06/2020
reza_qomi2020,25/06/2020
sdshhd4,25/06/2020
austinhepburn65,25/06/2020
mj_yd8423,25/06/2020
highsky_veiws,25/06/2020
silvagoncalvesmarcosaurelio,25/06/2020
_kim_seokjin_wwh,25/06/2020
zx.abigail,25/06/2020
syamadou123,25/06/2020
ni.i9r,25/06/2020
4yden_7amsey,25/06/2020
be_the_poem_1,25/06/2020
x_x.loserx_x,25/06/2020
mood.posts2020,25/06/2020
kelly.brown05,25/06/2020
asef.khan.77985,25/06/2020
tashtemirov_56_,25/06/2020
