"Following[name], date(DD/MM/YY)]",Last Opdated: 25/06/2020
flossydrip_ng,25/06/2020
fashion__kn,25/06/2020
judysjewelry,25/06/2020
napoleonecalzature,25/06/2020
thenisisifactory,25/06/2020
trangeled130398,25/06/2020
just_tv_series,25/06/2020
disneymom_dk,25/06/2020
visualsofjannik,25/06/2020
kasperpr,25/06/2020
alphavbacademy,25/06/2020
briller_ur,25/06/2020
southwickcheerleading,25/06/2020
power_of_positive_mindset,25/06/2020
dibabayaan,25/06/2020
kaninoz.oraha,25/06/2020
banlieu_ville,25/06/2020
noemiehe2207,25/06/2020
tlzxax,25/06/2020
minbaotao,25/06/2020
imbamb_cml,25/06/2020
hye_888,25/06/2020
mundareste,25/06/2020
shiro_kuro_oneesan,25/06/2020
ru.sunmi,25/06/2020
seon_leeart,25/06/2020
leftlost,25/06/2020
brokedmood,25/06/2020
ashotofmemes,25/06/2020
alejandrarojasc,25/06/2020
23.11_,25/06/2020
chengxiao_0715,25/06/2020
zhangxincheng_official,25/06/2020
aka.ava0,25/06/2020
rigsofrestoration,25/06/2020
joycharisepuente,25/06/2020
ebelinasdogpuppers,25/06/2020
leesawjordan,25/06/2020
zahraa_ra_,25/06/2020
highsky_veiws,25/06/2020
_kim_seokjin_wwh,25/06/2020
zx.abigail,25/06/2020
phat_meems,25/06/2020
thiccbeachh,25/06/2020
dakota.is.trash,25/06/2020
4yden_7amsey,25/06/2020
jimmy_neville1,25/06/2020
l_u_l_._f_u_c_c_i_n_._b_a_b_y_,25/06/2020
rubytemples13,25/06/2020
x_x.loserx_x,25/06/2020
elcantspel,25/06/2020
asef.khan.77985,25/06/2020
flamingouwglyscptato,25/06/2020
izzybanning,25/06/2020
kelly.brown05,25/06/2020
noahnight530,25/06/2020
reneeroger142,25/06/2020
im.that.one.redneck14,25/06/2020
mcbibbles,25/06/2020
kyliecstrawn,25/06/2020
wang.yibouniq,25/06/2020
your_not_funny123,25/06/2020
kendog_racing_,25/06/2020
wangyibo_vnfans,25/06/2020
was.sgoodie,25/06/2020
1.800.agustd_2,25/06/2020
crystal_marie_harmon,25/06/2020
__sammy.edits__,25/06/2020
_zabo1otskaya,25/06/2020
_mine.4ever,25/06/2020
mood.posts2020,25/06/2020
be_the_poem_1,25/06/2020
jieuniecandy,25/06/2020
babygurl5099,25/06/2020
rose_onika,25/06/2020
kindred.is.bby,25/06/2020
zhangxincheng______0824,25/06/2020
jujin.gyi0618,25/06/2020
skopidoo2,25/06/2020
yibo.w.85_,25/06/2020
yibo_taiwan_,25/06/2020
wangyibo._,25/06/2020
wangyibopage_0805,25/06/2020
vnb_tc9791,25/06/2020
shexingbaba,25/06/2020
zhangxincheng.824,25/06/2020
huzi_juin,25/06/2020
himnha_,25/06/2020
tracyromulus,25/06/2020
violetgrey,25/06/2020
kyliejenner,25/06/2020
suryxinn,25/06/2020
a.l.e.x.a.n.d.r.u.13,25/06/2020
turk1234565060,25/06/2020
miss_shein_,25/06/2020
instagram,25/06/2020
eun.__.v,25/06/2020
princess._.je,25/06/2020
hooward_steven,25/06/2020
ddangdin,25/06/2020
j.bro______,25/06/2020
yibo.w_mtjj85,25/06/2020
that_chinese_girl,25/06/2020
suryxintagram,25/06/2020
badgalriri,25/06/2020
asiandaenseu,25/06/2020
lidiahho,25/06/2020
roro_03zk,25/06/2020
wuqianfanpage4ever,25/06/2020
kimkardashian,25/06/2020
